<?xml version="1.0" encoding="UTF-8"?>
<!DOCTYPE mapper PUBLIC "-//mybatis.org//DTD Mapper 3.0//EN" "http://mybatis.org/dtd/mybatis-3-mapper.dtd">
<mapper namespace="com.example.mapper.BoardMapper">
	<insert id="insert">
		insert into tbl_board(title,content,writer)
		values(#{title}, #{content}, #{writer})
	</insert>
    <select id="list" resultType="hashmap">
        select * from tbl_board
        order by bno desc
        limit #{pageStart}, #{perPageNum}
    </select>
    <select id="totalCount" resultType="int">
    	select count(*) from tbl_board
    </select>
    <select id="read" resultType="com.example.domain.BoardVO">
    	select * from tbl_board where bno=#{bno}
    </select>
    <update id="update">
    	update tbl_board 
    	set title=#{title},content=#{content},updatedate=now()
    	where bno=#{bno}
    </update>
    <delete id="delete">
    	delete from tbl_board where bno=#{bno}
    </delete>
    <select id="replyCount" resultType="int">
    	select count(*) from tbl_reply where bno=#{bno}
    </select>
    <select id="chartUser" resultType="com.example.domain.ChartVO">
    	select writer name, count(*) value
		from tbl_board
		group by writer
    </select>
    <update id="updateViewcnt">
    	update tbl_board
    	set viewcnt=viewcnt+1
    	where bno=#{bno}
    </update>
    <update id="updateReplycnt">
    	update tbl_board
    	set replycnt=replycnt + #{amount}
    	where bno=#{bno}
    </update>
</mapper>