<?xml version="1.0" encoding="UTF-8"?>
<beans xmlns="http://www.springframework.org/schema/beans"
	xmlns:xsi="http://www.w3.org/2001/XMLSchema-instance"
	xsi:schemaLocation="http://www.springframework.org/schema/beans https://www.springframework.org/schema/beans/spring-beans.xsd">
	
	<!-- Root Context: defines shared resources visible to all other web components -->
	<bean id="dataSource" class="org.springframework.jdbc.datasource.DriverManagerDataSource">
	    <property name="driverClassName" value="net.sf.log4jdbc.sql.jdbcapi.DriverSpy"></property>
	    <property name="url" value="jdbc:log4jdbc:mysql://127.0.0.1:3306/haksadb"></property> 
	    <property name="username" value="haksa"></property>
	    <property name="password" value="pass"></property>
	</bean>
	<bean id="sqlSessionFactory" class="org.mybatis.spring.SqlSessionFactoryBean">
	    <property name="dataSource" ref="dataSource"/>
	    <property name="mapperLocations" value="classpath:/mapper/**/*.xml"/>
	</bean>
	<bean id="mapper"  class="org.mybatis.spring.mapper.MapperScannerConfigurer">
	    <property name="basePackage" value="com.example.mapper"/>
	    <property name="sqlSessionFactoryBeanName" value="sqlSessionFactory"/>
	</bean>		
</beans>
